{"eventId": 1,
    "eventInfo": {
          "isConfirmationRequired": true, 
          "limitedPlaces":  10,
          "eventParticipationStats": {
            "accepted": 13,
            "pending": 7,
            "rejected": 5
          },
          "isPrivate": false,
          "group": {
            "id": 123,
            "name": "grupa1"
          },
          "cycleLenght": 0,
          "name": "Sporty w Warszawce",
          "category": {
             "id": 1,
             "name": "sport"
          },
          "startDate": "20.02.2023",
          "hour": "09:22",
          "location": {
            "id": 1,
            "altitude": 2.33,
            "latitude": 3.44,
            "postCode": "30-222",
            "city": "Warszawa",
            "street": "Rybna",
            "streetNumber": "8",
            "apartmentNumber": "1"
          },
          "description": "",
          "hashtags": [
             {
                "id": 1,
                 "value": "sport"
              }
           ]
        }
    }