{
    "events": [
        {"eventId": 1,
        "eventInfo": {
          "isConfirmationRequired": true, 
          "limitedPlaces":  10,
          "eventParticipationStats": {
            "accepted": 13,
            "pending": 7,
            "rejected": 5
          },
          "isPrivate": false,
          "group": {
            "id": 123,
            "name": "grupa1"
          },
          "cycleLenght": 0,
          "name": "Sporty w Warszawce",
          "category": {
             "id": 1,
             "name": "sport"
          },
          "startDate": "20.02.2023",
          "hour": "09:22",
          "location": {
            "id": 1,
            "altitude": 2.33,
            "latitude": 3.44,
            "postCode": "30-222",
            "city": "Warszawa",
            "street": "Rybna",
            "streetNumber": "8",
            "apartmentNumber": "1"
          },
          "description": "",
          "hashtags": [
             {
                "id": 1,
                 "value": "sport"
              }
           ]
        }},    
        {"eventId": 2,
        "eventInfo": {
          "isConfirmationRequired": false, 
          "limitedPlaces":0 ,
          "eventParticipationStats": {
            "accepted": 30,
            "pending": 1,
            "rejected": 12
          },
          "isPrivate": false,
          "group": "group",
          "groupInfo": {
            "id": 14,
            "name": "planszówkowicze"
          },
          "cycleLenght": 0,
          "name": "Spotkanie na planszówki",
          "category": {
             "id": 2,
             "name": "planszówki"
          },
          "startDate": "14.09.2023",
          "hour": "14:20",
          "location": {
            "id": 1,
            "altitude": 2.43,
            "latitude": 7.44,
            "postCode": "20-333",
            "city": "Gdańsk",
            "street": "Liliowa",
            "streetNumber": "3",
            "apartmentNumber": "2"
          },
          "description": "",
          "hashtags": [
             {
                "id": 1,
                 "value": "boardgames"
              }
           ]
        }}
        
    ]
}